0,1,2,3,4,5,6,7,8,9,10,11,12,13,14,15,16,17,18,19,20,21,22,23,24,25,26,27,28,29,30,31,32,33,34,35,36,37,38,39,40,41,42,43,44,45,46,47,48,49
88.62042,-89.737625,66.768616,-7.517301,10.947138,0.9400499,8.730313,4.143868,-12.824093,9.839701,-47.747585,66.68983,5.4431,21.71571,-8.395767,10.100764,-39.15174,37.6157,22.046644,20.595158,-13.6427355,33.11478,-11.044675,2.4729178,-3.9476385,31.57405,-8.182554,-6.519265,-0.5459473,15.753196,-18.849749,-6.363961,12.0007715,-17.657635,-3.0605388,-2.1210122,-4.8540063,4.2599483,-3.8233843,-5.738466,-1.6314596,-12.634835,9.520013,7.868852,-47.420197,-24.070812,1.2506205,0.54947203,-9.593888,-6.988624
44.013145,-79.78382,45.76846,-9.641246,19.019094,-2.261807,5.8039103,0.53778565,-11.567397,8.157936,-43.39252,31.633774,18.605951,14.684292,-4.7649813,5.104847,-24.780586,22.286083,17.251291,17.161114,-10.484124,18.078642,-3.0288954,-0.19112249,-3.388292,20.003239,-11.251989,-8.174051,-1.8524435,7.600688,-17.301208,-7.395292,8.974684,2.128716,5.5896554,-3.6947355,-3.7998805,9.295512,-11.621624,2.672216,-0.57489145,-10.629613,-1.125134,4.2395396,-11.613093,-12.173424,6.451595,1.2552009,-4.788842,-5.949756
-2.5946908,-56.34238,24.801075,-4.7884707,-3.7622137,8.570695,9.002907,0.11747238,-9.396763,0.36848083,-23.980736,37.609642,3.807827,14.230116,-2.205311,7.527488,-18.731155,20.281527,13.382571,10.228344,-9.309347,16.54406,-5.9270873,-1.24839,1.1342032,16.940014,-5.866587,-1.6079142,-0.23779526,7.053205,-7.6402235,-2.8294837,6.7012405,-7.88561,-1.8070766,-4.910997,-2.6558666,-0.6126586,-0.7783686,-1.379969,-1.5752658,-1.2258661,2.488585,3.2404673,-13.918102,-3.9785264,5.552575,0.25463918,-2.092115,-2.630292
71.736404,-98.57197,74.42262,-11.046937,66.14168,-18.509377,-11.11522,5.1443815,-8.6839905,1.5748221,11.929855,-27.63405,9.61326,3.4518445,14.434975,-6.803409,5.585249,0.48555684,11.734604,-10.150932,-5.056353,-0.52621275,18.964392,-5.0557137,11.317578,-5.427885,-9.51311,-13.895534,-6.96199,0.026458956,3.6419048,-2.5210195,13.76974,15.781359,6.204705,-14.682199,-2.3045638,12.548036,-5.538712,-3.0638013,-4.2991424,-8.444192,-2.63009,-7.9860973,11.206226,-11.001808,-23.24807,-17.078188,2.0319538,-7.75835
-10.915247,-61.05948,22.45486,-5.9177146,31.666986,-3.9573014,-0.88294595,1.4178503,-8.277709,0.39366958,15.891557,-13.506987,2.6048832,0.4659152,13.983667,-5.426503,1.3156025,7.862795,7.3575864,-8.207956,-1.7582538,-1.5638026,16.0377,-7.3594904,13.067563,-1.8999736,-0.5706797,-1.9126337,-5.0540886,2.5286112,5.7576284,6.5115056,9.304386,-1.2740567,5.6191826,-9.978477,-0.92657804,22.793058,1.8794096,-4.071385,-9.192767,-5.670319,1.1976571,-11.1638365,-1.9729912,-5.935988,-22.76407,-5.000755,11.739712,2.6805298
65.69229,-82.45628,71.505554,-0.38400185,32.512547,3.4906807,-5.98824,5.967768,8.073826,-18.390814,44.34049,5.3750525,-17.737299,14.527899,21.227348,7.9646482,9.138312,-5.6114736,7.8378606,-16.001558,-9.317577,1.206865,-2.5179675,1.5585914,8.701779,1.3168644,-3.1568608,-11.486725,-8.463482,14.6793,19.198582,-4.4556727,14.005722,-16.054102,-5.2237644,-6.5787587,-2.3848772,-15.739679,12.349606,-11.174473,7.8070793,27.08641,5.752521,-2.3830888,-18.004263,9.251501,4.8935556,-1.5533565,9.12491,9.04921
110.46117,-105.641174,90.524124,-5.7550044,73.29306,-15.733971,-10.381594,10.02959,1.7239925,-2.783649,43.050926,-20.633049,-0.7664403,9.215796,29.635586,0.4034543,5.6216297,-3.9350684,12.180521,-16.061712,-7.133842,-0.48171768,10.95953,-0.69947594,12.805658,0.5221736,-8.325243,-19.520147,-13.526689,19.328117,17.669197,-0.93173546,22.786047,-11.975513,8.69003,-7.7422943,-4.3331137,18.649618,11.121855,-9.221488,-0.06207607,16.808172,0.75812835,-11.386872,-22.260252,-5.4219723,-10.993409,1.7233996,24.224466,16.658478
-12.074105,-62.490864,35.896717,-2.1051052,6.529154,17.605263,-7.3254423,-4.1520658,12.581316,-39.859512,57.261997,23.01063,-28.645777,27.520702,45.415848,24.367432,26.143415,-22.53399,14.437699,-65.229904,-76.17017,8.166595,-59.257633,73.38269,-66.32382,21.305597,0.10929109,30.590693,16.46113,-16.964825,-25.26469,11.773478,-12.396995,11.258847,3.5129972,6.022296,2.5123067,14.872868,-3.212784,5.8980784,-4.7511024,-11.968965,-0.8724902,0.48291337,5.8366313,-1.5100766,-3.1865697,0.34560463,-0.12546986,-1.439739
66.310265,-65.03442,54.66688,-9.430555,-21.051962,15.695255,48.585743,12.81526,43.240303,-14.121172,5.09435,-10.284507,-0.5219344,1.9073647,9.449723,2.0637896,19.428457,-2.540364,10.763006,-5.2088804,7.573317,1.8963181,-21.83139,-9.048647,8.988616,8.320437,4.4496512,-33.625053,-4.931461,18.01064,-3.7733028,1.4650756,-25.416357,11.376099,-23.332638,1.7265708,0.25080928,-26.179527,-2.418624,3.0795984,10.2649975,15.90816,-6.9185553,29.919758,-2.4723458,5.3951974,-11.186352,-2.8912194,-0.57435894,0.090134695
52.25656,-67.46277,47.52878,-10.765393,-10.427417,10.430668,45.80711,10.762138,40.73594,-13.021383,-3.7537193,-19.575686,9.114763,2.3189943,8.787705,0.46565443,16.141321,-4.101252,11.394515,-3.6180649,7.1527095,0.22603746,-19.60863,-10.720016,8.411073,12.01709,1.1653525,-39.993404,-8.725695,18.32119,-10.397255,-1.3422103,-25.003407,19.521189,-17.165632,-0.68795717,1.9313847,-14.509499,-11.064523,21.128325,6.2843113,12.907633,-21.303259,42.01416,-3.6978931,-6.8428392,-15.465246,6.2694654,5.9113,4.4497857
112.984665,-108.58455,98.4055,-5.862913,75.482956,-18.278355,-11.018396,8.079313,7.2996073,-4.4614673,27.030735,-23.750689,4.5434136,11.293966,23.143028,-0.45558184,11.388621,-9.99203,11.09684,-14.986784,-7.8052673,-2.1029367,11.003256,3.3697486,10.409406,-2.752088,-15.042528,-38.173824,-18.650585,16.011705,15.6910925,-18.376673,35.619118,11.528718,7.351158,-29.325428,-13.396785,-13.527774,-7.956706,-26.595251,2.2496107,-19.860636,24.594555,5.977574,17.579927,22.419937,44.141315,21.524336,-28.523117,-0.5112484
86.29622,-93.42152,75.39887,-14.539197,52.03938,-19.333712,-6.2658253,7.8422494,-15.831164,7.516708,-1.2921271,-16.20427,3.9421844,-0.8797259,2.8032975,-7.2128305,-0.033853583,2.448982,4.670091,-8.580551,1.7736831,2.618404,12.958489,-1.2475206,12.076681,-5.181107,-7.4567947,-0.96413237,1.1841248,-4.522832,-2.1338537,5.5435114,0.39224097,10.448289,-4.4348297,-13.758505,5.8366494,-2.6579359,-10.427102,10.640434,-6.607203,-21.139124,-9.652814,-11.833656,25.89071,-15.802248,-24.700613,-27.766306,-8.445287,-29.201508
-70.676186,-34.236107,-6.670399,-4.107122,-9.608309,9.986081,6.894406,-2.908047,-5.286231,-5.5914173,2.5842726,-3.1351326,1.0139347,-1.8036921,1.5734588,-1.0375733,3.7131796,0.15652435,0.78402424,-1.1091713,-0.94679254,-0.38844073,3.3162208,-5.173444,2.42545,-3.7413166,2.0984766,2.227726,0.62603116,-1.5272309,1.1510757,1.6812332,-1.1252499,2.7135916,0.6665542,-0.07872889,-3.3708415,-2.576517,0.41333777,-3.9590359,-0.23686266,2.0461025,-1.8011854,-0.4614045,2.2719,0.62062734,0.8887769,-3.757804,-1.1726778,-3.7754037
-65.135315,-38.090416,-1.0793576,-2.3800719,-5.598221,8.369785,0.56481457,-4.433566,-9.384763,-5.1516113,3.3433464,-0.74414456,-2.0510654,-0.6697903,1.1596001,-0.51381403,1.8423038,0.033545993,-0.35501763,-2.5418568,-1.5288825,0.15226431,4.798885,-3.364787,2.3803897,-4.994889,2.1775806,3.6503868,0.82737774,-3.4916918,3.0841322,0.553892,1.0642267,1.1925647,-1.2333057,-1.3773406,-3.0525317,-5.5364113,0.56433064,-5.486012,1.0273443,0.6110411,-0.9686241,-1.6117289,3.1417792,2.3634822,1.5750397,-3.8215444,-0.21912098,-4.160685
-74.58161,-28.292332,-18.901794,-4.6041374,-15.568666,10.8007,-4.949759,-5.89805,-7.813004,-6.60314,-0.55426437,8.256009,2.0075731,-0.18349308,-3.3658848,3.5883415,-4.08826,5.240158,1.2514749,-0.027303288,-3.0928016,3.6424496,2.3560984,-2.5341125,-2.5890377,-6.674486,3.9250996,2.43444,0.9676142,1.8178567,0.89082545,0.53746045,0.121553354,2.9052322,0.32126912,-0.7481342,-1.8457195,-4.419327,-0.9613484,-1.9564694,1.465544,0.7553629,-4.2253437,-1.8703113,4.116489,0.22710681,4.024835,-0.7817528,-2.2000923,-2.205233
-81.12008,-30.652802,-11.819955,-2.874365,-19.35935,15.177544,4.007043,-8.200501,-5.2834325,-9.258907,-3.942171,5.715119,-0.30865237,-0.3421154,-0.3755881,0.6796615,-0.17353265,1.2115273,0.52656716,1.8955704,-4.8415523,0.81700027,1.5909718,-3.284063,-1.1776643,-2.738163,2.8269603,0.69044745,0.13947928,-1.4495385,-2.0257828,-3.0060682,1.3399167,4.161203,4.7536426,-0.6509857,-3.1438093,-5.58762,-2.5534587,-6.582508,0.7920124,1.8903219,-5.4404006,-4.0681915,5.0973673,4.3031983,8.68013,-0.98660433,-6.454169,-5.8579526
-17.519556,-26.385645,-2.149203,-10.686274,-22.033352,8.524189,35.72074,13.891009,9.107327,15.06104,-16.457306,-29.529642,33.588478,-17.94393,4.610415,-19.187025,46.108074,-9.153994,7.9215207,27.920776,26.498121,45.737503,23.86782,86.832306,8.935398,5.142997,-5.394468,17.69993,-1.0190458,3.5309992,27.358398,-2.458207,-7.0412965,-21.357666,-0.77197415,-2.5635977,0.56996644,2.8310845,5.325318,-0.8252401,-7.571917,7.6688294,1.1643802,4.4825215,3.3397796,3.009629,2.5277863,2.8031802,5.486141,1.6543363
16.270472,-71.04943,44.789284,-3.555236,21.437859,-8.485633,-5.511411,0.4171194,-13.063568,3.3837028,-4.966296,-11.298766,0.8545302,-7.7709603,-6.989328,-5.113884,-2.1663587,-4.5153637,-5.118866,-3.5755847,0.5649001,-0.10858977,2.1264286,0.32224715,-11.64925,-14.394568,8.207989,0.09557994,5.6288924,-11.443867,2.3466542,-8.551016,-6.462196,8.960739,-3.7885234,16.126783,-8.50991,-7.4443207,12.47222,-9.732022,2.9417562,0.455881,5.13924,2.8805969,-3.8697224,-2.2629755,-0.09141894,1.060507,2.9150865,1.602457
29.255194,-77.13765,48.17264,-6.8076386,25.663723,-8.372712,-10.999594,-3.767786,-15.325317,3.628292,-11.203769,-6.9462066,2.0875385,-7.989811,-11.594185,-5.223574,-5.6565723,-0.64343107,-9.185083,-5.1659904,4.2265315,5.930222,7.6099353,7.2212415,-7.6786103,-13.60198,4.8106804,-3.9016829,0.6463996,-7.492337,-2.5813458,2.9158742,-1.1347463,5.969474,-8.3784685,9.35001,4.4860177,-11.717368,-14.257204,-10.904341,-0.8739471,-8.6767845,0.5534244,4.218245,4.134811,-3.3742208,-0.12198066,1.2559179,-5.111279,-6.591642
-78.90554,-37.057316,-12.125893,-5.918548,2.607477,6.083339,-0.9400973,-8.041018,-11.583653,-4.309649,-3.728195,-8.671075,7.001561,-2.777417,0.87685764,-3.783475,-2.320864,1.627113,0.3741707,-2.2869356,-0.50909865,2.4949877,8.818508,-2.1806762,1.9544624,-3.457285,-0.8033732,0.38598952,-1.6113081,-4.176304,-3.5451176,2.596205,2.276272,5.6761994,0.881477,1.3229238,2.2400255,1.4401989,-8.8046875,-1.5906413,-2.7286017,-4.3620543,-3.6847513,1.0851051,4.048762,-2.0274081,0.37257293,0.4829927,-1.242974,-2.252119
-17.306252,-57.808903,22.059181,-5.74,12.368102,-3.4805353,-2.9126475,-2.7959268,-14.9036455,1.4317322,-8.436567,-12.061902,6.366132,-5.6579685,-3.7640603,-5.7582994,-3.4114664,-1.0787927,-0.917913,-1.1133133,-0.3508114,1.486812,4.7805495,-1.761379,-4.1366525,-8.727364,2.41187,2.2819831,3.2855,-9.231537,-4.0117154,-4.3292894,-2.6136558,9.92977,-0.36673614,9.337226,-3.8198152,-4.239564,3.8627715,-3.4727623,-2.8648353,-4.516993,-1.3023431,-0.27621484,4.474894,-1.8154756,-2.7516701,-1.822715,0.52993613,-0.35994256
-75.5799,-32.498806,-10.992372,-4.804095,-5.8028846,6.4882603,5.9368343,-2.9848256,-9.069805,-3.977799,-1.3904257,-11.317091,8.208925,-3.1572568,2.99371,-2.999774,3.04673,-1.1481327,2.0052273,0.46798515,-2.0227566,-1.8365657,2.8014252,-4.735631,0.39739564,-3.491966,-0.38700256,-0.5882044,2.4564314,-3.5487292,-0.64206284,-1.1258594,-0.70921487,6.3560147,3.7813885,0.33014494,-6.3296695,3.7121363,1.7673472,-2.3676012,-6.7880077,3.1155763,-2.9165335,-1.6572485,2.929299,0.06911874,-1.2209895,-2.5192897,4.311114,1.5867289
99.86059,-102.64701,77.51915,-6.180201,41.655315,-23.697655,-13.703872,0.4873608,-16.74563,12.781136,-34.74589,-14.133667,13.219778,-14.681307,-25.885714,-7.119783,-15.846266,-6.1718445,-11.376173,2.3879344,2.0177808,-2.9734774,-3.2111201,3.2207756,-32.59928,-20.698278,6.828594,-10.630328,10.035672,-11.636361,-5.611003,-18.384102,-16.935974,26.091894,6.0670495,29.222467,-5.6333823,1.5294687,9.214856,-0.09378416,-13.103991,1.3635508,-4.961064,-0.8276073,7.964067,-17.353466,-2.113192,3.3142278,-3.1445646,3.78196
-58.299747,-35.385975,-1.8576407,-3.5266402,-7.861851,6.222326,5.213443,-1.3598645,-5.684728,-4.118343,0.4915295,-6.867268,3.1991174,-2.2433226,0.371061,-0.8419114,3.6033561,-1.7911029,1.723655,0.27763984,-1.534822,-2.511553,-1.0167106,-6.11093,-1.4883165,-3.8186445,1.3705158,1.153328,3.9707963,-3.1947103,0.17740095,-3.6835618,-1.8103144,2.66446,0.95567906,2.77531,-4.79619,-1.8215,6.140665,-1.3805987,-6.0842123,4.984096,0.08611502,0.9259787,-1.5274608,2.3278823,1.8627344,-0.3830961,3.4047117,1.9937171
-45.159283,-43.810013,3.9288218,-3.2332468,1.2625114,1.560483,5.747543,-0.43895003,-7.667697,0.43570805,-1.5554745,-11.89348,7.0883036,-6.3880396,0.6545465,-4.254441,2.8639462,-1.302821,1.174947,0.4691806,-0.21677755,-2.7998297,2.4022744,-5.966936,-3.524177,-5.0557876,2.7226377,0.35497302,4.5214386,-3.4769604,-0.99374616,-3.109221,-1.3984189,5.8145533,3.9892802,6.4704685,-7.419042,4.906999,7.311316,-3.4400828,-7.474896,3.875186,-0.16315426,-0.8994519,-1.7893056,-0.16169298,-1.0997621,-0.33745682,5.2921834,3.7707307
-66.4472,-37.825203,-3.4703844,-1.0429355,-3.12929,5.528948,-0.2566271,-5.6982284,-10.444729,-4.6016493,-3.468794,-3.9692607,3.382826,-2.6406715,-0.9290875,-1.3484809,-2.6002052,1.2746907,1.30694,-0.37229952,-2.3535247,0.9373732,2.319783,-4.437491,-2.0745904,-5.838298,2.2386785,2.6651742,2.4942758,-4.4101295,-0.7911205,-4.1456933,-1.0532484,3.826806,-1.2015685,5.4066963,-3.2132487,-1.5995684,4.3733554,-3.008889,-5.5995893,0.3633979,0.8238334,-0.09644046,0.67274296,1.9553164,0.70931166,1.3903002,2.463897,2.325175
38.158485,-73.31408,47.05957,1.8245959,20.991795,-11.709099,-6.366514,1.3364776,-12.198647,8.939313,-14.803897,-1.4047,2.1099875,-10.13289,-13.24439,-4.7827506,-11.28835,2.98517,-8.110051,-0.19937736,2.2134109,3.3004844,-0.25167164,1.6252521,-16.406046,-17.8467,10.036074,0.08518538,9.015369,-13.149771,-1.467823,-15.776319,-7.936494,6.3783984,-10.960248,26.16814,-9.231009,-8.699356,27.250652,-16.085556,-13.829461,-4.2792444,22.344738,3.849814,-5.393112,2.1073709,-7.352543,12.390382,15.101003,27.20436
26.514084,-63.283375,33.415268,-9.87885,4.260412,-4.7338476,11.6031065,2.1705108,-1.4302434,6.9533052,-29.742012,-20.658335,19.805426,-12.229556,-11.208662,-11.950662,7.166631,-7.236493,0.49219373,13.168997,4.228352,10.267416,3.2894247,19.392418,-9.5354805,-5.412398,1.3659151,-4.8822427,5.561882,-10.250778,-7.1916294,-14.620993,-8.156569,15.118401,1.984199,9.387002,-4.163863,-3.4860964,-1.1540073,0.30634555,-2.6917412,-11.356127,-5.577964,3.7384946,11.898214,-3.3522413,-3.2058892,1.5874925,0.5139186,5.4721427
-71.759514,-37.120735,-6.540733,-5.2811093,-5.2097263,9.929645,6.7156224,-5.455511,-5.196882,-6.8027544,-0.21889949,-1.3497566,0.90000445,0.42297277,1.8597459,-0.7659997,-0.7891602,1.8853639,3.9153726,-0.60914034,-2.2355661,-0.65415764,3.9365172,-6.578716,4.824099,1.6226671,-0.25535882,1.1512539,-1.5186604,-3.177905,-1.3295987,-0.33558893,1.2357827,2.1132505,0.5584065,-4.9989805,-0.50879514,-1.5328778,-1.2875141,3.643008,0.13747527,-3.5617406,-4.5648856,0.9885417,2.8572285,-0.57479024,-0.97398037,1.9071039,-0.0857423,0.30621168
-87.51075,-31.741358,-12.946453,-0.9445555,-9.131919,14.351928,2.3298872,-8.5492735,-3.5117192,-11.29406,5.841248,3.1418164,-3.3468552,2.8678167,5.163531,0.7551749,-0.39350912,1.554238,2.264541,-3.0008078,-4.830685,-0.10415317,2.9092462,-5.0777116,4.9109426,0.39021996,0.484108,-0.22495313,-3.9742627,-0.39202937,2.6694465,-2.0735123,3.7670155,-0.7533307,0.775064,-4.5823874,0.13149855,-0.9887025,-1.8588293,-0.38241252,-0.46371126,1.1233325,-2.418438,-0.44954452,-2.2459836,1.4975979,1.0911429,1.0584689,0.6886732,1.8468689
-94.32848,-30.36181,-15.849368,-4.8305187,-5.1430492,12.005518,1.8120557,-7.306275,-6.8803263,-10.291543,6.7666373,-3.60437,1.0747229,1.7770487,7.3015614,-0.36477318,0.6162569,1.9357443,4.1965547,-3.7571971,-4.032473,0.19155121,6.5070477,-5.481101,6.805624,-0.2805576,-1.0253236,1.0903918,-2.4730222,-1.6373649,0.5157235,-0.4605055,3.6034312,2.5804703,1.3957518,-4.461034,0.23346168,0.73980564,-3.2084136,-0.84131646,-0.65421045,-0.47224665,-3.6185203,-1.546972,2.1401317,0.7802361,-0.025329087,-0.85373735,-0.7942384,-1.1552095
-87.45298,-32.095036,-12.114059,-4.261901,-5.41902,11.70422,2.009814,-6.565916,-6.432358,-9.871146,8.142228,-1.0767982,-0.7126715,2.1716921,6.7332773,0.4061754,-0.098191716,2.8280668,3.9636562,-3.6539285,-4.177688,0.94697815,5.493588,-5.541218,7.112618,-0.29608274,-0.006691098,1.4003658,-2.246657,-1.324225,1.7168199,-0.10335703,3.2528467,0.2894479,-0.76725405,-3.6335633,0.15477493,-0.47917587,-1.1360337,-0.98506814,0.11320055,0.7579066,-1.8924686,-1.601315,0.30523258,1.4100417,-0.9321799,-1.2284648,1.048366,0.77784103
-48.968723,-33.243828,-5.8914824,-8.030543,-17.109451,13.732844,28.708408,2.6035404,15.072585,-7.4190397,3.718821,-14.97369,8.703974,-1.6253698,11.719916,-3.6209161,8.898795,3.9527156,7.2526107,-0.20964816,2.1870406,1.0260397,0.8533007,-8.729264,10.217678,3.8748746,1.6285324,-10.547152,-3.827599,7.0066676,-5.98209,5.3291535,-8.500718,8.593649,-1.7520936,-0.15636975,-1.0093693,5.531122,-4.862689,-2.441816,-0.39589643,1.8892008,-4.753288,4.5989265,2.6811912,-0.31381303,-11.104307,-6.0940766,0.23703057,-2.1248379
-49.43578,-31.12882,-1.9012787,-4.5961537,-32.602207,20.4648,30.224268,1.0043424,18.17217,-13.592056,4.288095,-1.0996206,-1.0215261,2.3455644,7.1967754,0.9041556,9.059247,1.6881865,7.3860035,-0.72292227,1.1562891,1.8449373,-7.61223,-8.557128,8.63336,4.664918,1.7885209,-9.001875,-2.2347293,6.171033,-1.97184,2.8511586,-9.351777,4.223209,-7.8200254,-1.1859161,0.23963279,-7.352396,-2.2307813,-0.027084216,1.1875291,7.769605,-3.9384885,8.466139,-1.0830044,2.9103413,-3.0671535,-2.798568,-1.0331738,0.44593057
-70.01985,-31.240376,-11.4324045,-8.210921,-14.018265,12.1960125,19.249613,-1.8776603,4.0944805,-5.913355,-0.86611444,-9.282968,8.479318,0.7162708,8.286466,-2.0256364,5.124934,2.1089532,7.0366263,0.71930236,-1.0824708,-1.6449524,2.068335,-8.404936,9.573302,3.801379,-1.0676872,-5.0212626,-2.8999376,0.9712569,-6.0559125,2.22655,-1.1935431,6.912471,0.6552772,-6.317362,-1.7588799,1.9451624,-5.7835584,0.89152616,-3.154658,-4.0027018,-3.847465,2.6393528,5.1509924,0.41175783,-4.107513,-3.9662724,-0.11562247,-2.313739
-72.674866,-33.99944,-8.328948,-2.5132027,-11.048036,9.616749,4.445525,-5.0607023,-9.562953,-6.6727157,-1.5475442,0.06635758,-0.22146025,-0.9947163,-1.1164876,-0.35205838,-2.4814692,3.2581987,1.7755558,-0.5347953,-1.6365418,1.4758279,1.6303487,-5.3833175,1.3332797,-3.1016085,2.2728138,3.2879717,3.431629,-5.549546,-0.026468817,-2.3166523,-1.8785284,1.558172,-4.3981333,1.6471128,-2.3589594,-4.273092,4.0446334,-0.14532802,-5.0382113,-0.34029013,0.538385,2.802595,0.64985645,2.5861273,0.09677472,2.2959683,3.3816488,6.098218
-29.466206,-46.737324,14.700274,-3.0006897,-9.877506,6.199614,11.624091,0.86513454,-6.9989204,-3.0748274,-4.555,0.3037715,-3.2380981,-2.2102363,-4.3521028,-1.4832183,0.009740982,0.4609506,0.50246567,-0.63426936,0.23861198,-0.5369551,-2.2561688,-7.657438,-1.107227,-3.6286767,4.7161255,4.96708,7.5593715,-7.6204495,-0.50909305,-2.3364449,-6.879757,1.7309555,-6.6293526,6.4405174,-2.9051306,-8.856023,9.961546,-1.396921,-5.1597123,2.488268,2.79793,5.2008142,-3.7751682,-0.17103864,-0.16322798,-0.05514389,2.2496428,4.1488557
-87.88103,-30.370731,-15.129158,-3.838513,-11.476637,10.753692,6.5081654,-5.1473064,-8.12895,-6.8473635,1.1787366,-4.6734433,1.845748,-1.1646241,1.7169114,-1.1425078,0.39823884,0.43892887,1.5458877,-1.0426066,-2.0668263,-1.9287505,2.1903813,-6.930788,2.7051947,-0.6755875,1.145128,3.1044896,1.1604825,-3.5023866,-0.61429447,-1.9705881,-1.0929112,2.020498,0.87737906,0.58246756,-1.7698103,0.5061741,1.639093,1.2443868,-5.778059,2.3864076,-1.6892815,1.5549734,-1.259389,0.07903463,1.6028498,1.0028121,2.5358193,3.7139225
-15.2696905,-53.59333,19.556705,-7.4754453,-5.1878066,4.7195168,-0.8051093,-2.4455388,-12.189674,-2.731514,-1.7462736,8.221463,-5.9580555,0.60594636,-4.97132,1.8366817,-3.000041,4.5715117,0.16928652,-2.4717221,-0.7934345,2.9133854,2.3406777,-4.131692,1.0859121,0.050878536,3.9240348,6.3521924,4.451777,-6.841034,2.4592178,1.1627187,-4.5747943,0.9735693,-3.9241304,-0.3781338,1.8634608,-6.041599,-0.1701353,-0.320853,6.080102,3.352539,-0.17512082,0.75384307,2.2896035,0.45193127,2.5967402,-4.328849,-5.086112,-1.5801339
-28.774405,-52.392345,17.203957,-5.8305693,2.8848875,2.9408298,1.0823492,-2.136306,-14.8077755,2.794063,0.6187068,3.4525547,-6.876563,-3.696724,-3.5598543,-2.6070712,-3.2813616,3.0323806,-4.315646,-4.3643923,3.1534064,0.6616588,6.432417,-3.9148417,3.8582804,-2.1638505,5.381382,10.599492,2.3081095,-8.537975,2.352834,3.0335178,-2.5272698,-0.7302704,-2.5246596,5.468797,1.2293656,-1.0110102,0.71982676,-5.000848,8.731265,-3.486363,5.2632546,0.3014283,-1.7472402,1.2028426,-0.29706827,-1.9694707,-3.3416312,-4.7154202
17.79142,-68.27902,40.57862,-6.4390683,11.14105,-2.5950272,0.085943475,1.2704315,-19.174755,8.810675,1.4189092,7.1553345,-13.281041,-5.7884707,-6.889506,-4.4552636,-5.40685,4.704347,-7.3813715,-7.2051206,6.301656,2.498349,7.5223947,-2.9168286,3.0752869,-3.467834,9.331962,14.874996,4.3308344,-10.704869,5.3566456,5.839852,-5.157564,-4.8422303,-4.4813066,9.593848,1.4928621,-0.67566323,4.654352,-8.644214,13.594227,-6.4990582,10.710994,-0.014821051,-5.831022,0.0038748248,-1.9243684,-2.6274636,-5.4352674,-5.6480746
-61.708454,-41.257057,-1.3477062,-2.1451175,-5.6699305,8.424473,-0.18782812,-6.7277784,-9.354132,-4.3412714,-1.2902994,2.1404886,-0.53714305,-2.0092328,-2.7510252,0.20361143,-0.88934374,-0.8050393,-3.2477486,-0.25485796,-1.5070338,-3.115648,3.8048,-3.5012167,-6.5804005,-3.847828,3.735054,2.7312274,0.8226171,-3.5690944,6.719607,-1.8536654,-2.0796318,2.8807325,8.989681,5.473928,-2.5082338,7.68741,2.9342053,-5.0711527,8.085208,10.833882,-2.8204532,-1.7802612,-2.1654565,0.73433954,2.0864851,1.2059033,-3.5171309,-1.5771314
-36.51073,-49.03338,12.301253,-5.625932,-3.7918656,7.42012,1.4353714,-4.804169,-9.177733,-2.5902336,-2.3487918,2.0389752,-2.3551471,-0.501823,-1.8728275,-1.6364253,1.9040552,0.76384556,0.05232998,1.1083272,0.5795719,6.0625095,7.25148,5.3256855,2.8490295,-0.72848976,1.2531176,9.040989,0.23919432,-4.395142,4.370264,-2.8291047,-1.4415925,-1.0126412,0.05408791,3.0869076,2.8425446,-1.2778687,-0.79404896,0.10527836,7.191401,3.5978932,-2.623799,-1.6832578,-0.6241379,0.16323327,2.6362402,-2.3837242,-4.7244477,-1.0110183
190.57506,-124.62735,120.698105,-15.125931,46.916702,-24.76628,2.4764273,16.972857,-15.8533745,28.499763,7.3948402,-15.060587,-13.754941,-4.246766,-13.215602,-1.0096245,6.956745,-17.498291,-14.662636,-11.093872,11.752305,-24.479025,-1.7613512,-12.577969,1.8889288,5.284975,-8.961318,25.39375,4.952782,2.7280264,10.1032505,5.4310164,-10.262505,-14.323551,16.882664,10.491139,20.652323,26.031527,4.6238465,52.093304,-1.6193541,52.93656,-29.652075,-10.798584,-10.5555,-15.797309,38.944527,-5.7318573,-16.195606,-8.610937
-32.251637,-53.751095,17.667805,-0.25668132,-2.2602253,7.7455983,-1.2710512,-7.4411144,-9.606794,-3.8928337,-2.9004781,9.471849,-9.689059,1.2349207,-6.1555414,1.1202672,-3.2333212,-0.43999168,-4.5005774,-3.7527034,-1.1888945,-1.7940323,0.47799987,-5.5150104,-0.08603151,-1.2635092,2.9457057,4.9705954,-0.08870739,-4.655358,2.728585,-3.1348865,0.4434394,-1.6807661,1.6946528,0.6727362,3.4383516,-2.2278545,-4.1555305,1.4566205,4.235924,1.5244554,-1.3616976,0.82124263,-5.234601,2.3803508,6.2856574,2.6589384,-4.6189647,0.46922672
103.36599,-99.40725,88.39565,-7.876308,26.71641,-11.478573,-8.438758,2.2181659,-27.187458,13.419021,1.6016102,9.219177,-29.067738,-0.25889227,-12.7008705,-1.9989793,-9.4526205,2.174605,-14.078599,-16.65901,11.48268,0.6677059,3.7652547,-1.0430354,22.582909,0.17185998,-2.067018,27.60221,1.7471452,-15.683965,-0.5570073,9.379911,-3.2156405,-20.515993,-29.425804,-5.9943285,29.332987,-22.53972,-11.149285,29.22851,5.6739984,-23.260014,8.121188,10.416106,6.6426454,24.569742,-0.8978746,6.589393,4.311163,4.419091
54.09771,-78.76662,58.66005,-5.776511,17.451054,-6.582682,-3.555343,1.6529272,-25.092289,14.506915,6.975276,9.250902,-25.522837,-2.925233,-7.25299,-3.2404683,-8.985657,6.964372,-13.664974,-14.827979,11.842359,0.3920485,7.933274,-3.2340586,23.534065,1.3442962,2.6381352,28.495718,2.0940354,-12.229454,1.422253,14.020234,-2.2677987,-23.325304,-24.525805,-3.6677954,26.14671,-8.258579,-6.477732,23.54555,1.410769,-23.11067,9.0778055,5.0824323,2.5826354,21.310886,-9.5458145,7.8993473,10.957399,6.9147053
32.113556,-56.089626,31.802946,-9.34056,-39.073776,13.667901,19.010654,-2.052035,1.04691,-1.611873,-8.439803,5.325133,-5.3261733,0.64290494,-3.0757072,-0.5315912,3.8612604,-0.44842264,2.0393233,3.7171657,0.73305166,-4.8233185,-5.9217844,-7.573248,9.676813,7.3511295,1.3998412,4.813687,0.6504269,-5.182586,-7.113211,3.8828263,-5.4538503,-0.19273676,-3.3942602,-5.5040812,7.3789196,-10.530813,-11.417554,8.650296,2.1298938,-0.09974906,-4.7953935,5.089922,6.503747,9.516063,1.8199828,-1.2314063,-4.515205,-0.6282124
30.958868,-54.559845,36.384796,-1.3901236,-52.125362,21.878878,38.86597,3.500739,21.182917,7.746647,-17.45038,24.69883,-18.163374,-7.992257,-19.199574,-0.33688104,19.222591,-25.76819,-16.225227,12.869174,0.5218265,-25.032671,-20.227581,-5.026095,-12.929525,6.0937586,11.406785,-6.5072465,0.65450096,-4.426589,-2.3688786,0.33435366,1.7384015,-2.37518,16.76255,-11.339111,-9.362017,-11.243046,-6.324234,-13.747737,3.329282,-1.4890325,4.388911,-5.9419622,0.7817977,3.349275,5.69032,-1.8401573,-7.878224,-0.768239
186.17752,-92.7407,100.112946,-7.413512,-44.6059,4.501079,74.29376,28.978306,30.080992,42.963642,-23.228394,15.4617815,-24.867598,-17.589119,-28.812706,-8.125605,42.985134,-42.077663,-20.963808,25.272299,12.235171,-53.86219,-30.02429,-18.53486,-9.475568,27.079578,15.158927,6.687759,6.80324,-9.145807,-7.8449454,26.991278,3.2916276,-25.300505,41.98166,-34.05571,-21.122427,8.454591,-3.7395494,-16.767673,-6.6752257,-18.979689,8.356938,-16.416496,2.3077183,1.3898897,-11.136459,0.5368077,13.212656,8.452527
-81.42096,-32.312702,-11.933071,-2.8291104,-7.7394614,9.76624,1.4292785,-5.0280366,-13.167951,-3.343841,4.960658,2.4763029,-2.921784,-3.061862,1.1974878,-2.1001287,-1.9073921,5.8610153,-1.0006449,-3.086391,-0.07185994,3.0911047,8.688468,-4.6004367,2.2440553,-3.6270099,5.5182705,7.7308555,1.6090169,-2.414773,3.4891343,6.244423,0.5363606,-3.407153,-0.06699784,3.5077925,-0.99013877,3.9533021,1.5012118,-9.524768,-1.0380418,1.2937307,0.19537172,-4.087333,-3.9605362,-1.4385635,-5.1573715,-1.7412509,0.37589374,-3.1788106
-93.919586,-29.196068,-16.859388,-2.972092,-9.501242,10.931018,2.0939145,-6.7027364,-11.213857,-5.568734,3.2141335,0.4425551,-0.6451553,-1.17848,1.8981304,-1.9451936,-1.2239323,4.089241,0.779357,-2.4033334,-1.9606096,1.7832043,6.893349,-4.77359,2.675066,-2.6102815,3.0090265,5.928539,0.11336093,-2.3539128,1.8675855,3.8793914,1.5954294,-1.1524806,1.1250306,1.2227789,-0.03193083,2.6618352,-1.4097179,-5.371524,-1.9845461,1.3348217,-1.593354,-1.2983375,-1.8637863,-0.23005138,-1.8995652,-0.20979641,-0.28821445,-1.8192445
-101.10422,-24.240482,-21.972418,-2.5543346,-11.2391815,11.103561,2.6415002,-5.4210486,-12.19669,-3.6111672,5.504379,0.28114218,-0.82593036,-1.9891131,2.6613712,-1.6879107,-0.6985088,4.9871287,-0.1682435,-2.4039464,0.02446565,2.3366466,7.613086,-4.0830035,4.487408,-2.5019238,2.8192894,6.8060646,0.78486335,-1.276771,2.9395683,5.4120746,1.356625,-3.6130886,-0.1825762,0.22163726,0.42853275,3.73475,-1.2461042,-4.292907,-4.1637783,1.5305336,-1.3604763,-2.3939412,-0.07621406,1.731598,-0.8153445,0.0010238225,1.2791358,-2.0055268
-88.75515,-30.26488,-15.833467,-3.7922363,-7.148728,9.140236,0.8515196,-6.251523,-12.474204,-3.876566,2.2478294,-0.60611683,0.9314133,-2.704627,0.9723313,-2.4683108,-2.2931304,4.8158684,-0.86177796,-2.244846,0.12256987,3.4330306,7.9318366,-3.1735363,1.7431177,-4.324862,3.4968832,5.6448994,0.70506114,-2.8859391,2.2544591,5.0225096,0.09795055,-0.7986819,0.32085493,3.1533005,0.55073345,3.8241751,-2.1932414,-5.320876,-2.4598973,0.15227476,-1.345601,-2.0828848,-0.85891795,-1.3760104,-2.8431141,-1.076626,-0.63694125,-2.888589
-93.39935,-30.261526,-17.234991,-2.666169,-7.8905954,10.226065,-0.24560197,-8.49474,-10.65411,-6.048048,-0.9869184,-0.80964637,1.5077763,-2.8872335,-1.2019637,-1.6412182,-2.582246,2.0005693,-1.2315153,-1.7621537,-0.89907175,0.797527,6.022793,-3.021143,-0.80000097,-4.266879,2.6626146,2.7781997,-0.45403844,-2.6084704,1.8075283,1.30146,0.37253204,1.4358038,1.7072254,1.9077494,0.98422205,2.4936652,-3.5721636,-2.8748584,-3.0556772,0.7297018,-3.2138426,-0.6304062,1.0629911,-0.10859853,0.4485612,0.55559677,-1.2371502,-1.1185529
-35.418873,-42.995296,11.656562,3.3297458,-22.472458,14.684578,-0.12052783,-8.856847,-4.2383337,-7.943607,-3.1908274,24.049479,-18.951984,-5.787255,-14.780516,1.6815319,-5.804219,-1.041434,-19.657059,-5.5428433,4.468753,2.7660596,-6.7069197,8.895201,-10.963007,-14.14259,13.46269,-7.3302126,3.2741647,-0.3283008,11.899344,-4.1437535,-5.303705,-7.7473655,-12.134088,3.8846207,4.1705985,-15.065933,-3.933812,-13.965474,1.7456771,4.47821,2.6060925,-0.2057126,-4.685214,2.444967,1.219679,2.2250032,-3.6826122,-5.7918606
-98.33751,-23.230602,-22.316404,-4.899452,-13.186154,12.079817,5.394121,-4.0800734,-12.563936,-4.247204,8.364832,1.0846786,-2.8392537,-0.5199828,5.3024964,-0.83560944,-1.058533,7.8103576,2.3961456,-2.6761894,0.18086453,3.6508112,7.7345,-5.595184,8.368324,0.023384709,3.726573,10.054972,1.4492427,-1.3546714,1.932454,8.190415,0.91830504,-7.120228,-4.0725327,-0.3941824,1.2107129,2.9544272,-0.15815039,-4.366349,-3.9322107,0.670684,-0.66158575,-2.0320098,-2.9721212,2.4415998,-3.2421913,-0.8471864,2.9128823,-0.12270666
-51.527664,-39.03994,5.8790994,-1.1053866,-13.325351,9.978859,-2.0857859,-4.3396173,-10.915909,-6.542523,4.224908,10.951079,-10.453315,-1.9145598,-4.802147,1.4162672,-1.803542,3.4244144,-6.7754154,-4.0920177,1.2325879,4.518952,2.7259371,1.4960884,-3.0656776,-8.211338,8.579615,4.853822,4.4566216,-3.129997,7.968795,5.2961807,-3.5052109,-5.1835356,-7.5655413,4.895683,-1.1946926,-12.372339,-0.31139112,-13.428629,1.5431755,6.291243,2.6249187,-0.87914246,-3.4534397,1.5341345,1.3499306,-2.003951,-2.417299,-5.164396
-69.970955,-38.682198,-3.5693214,-3.431288,-3.7025537,8.59863,1.3368421,-5.4490066,-11.113841,-5.2127967,-0.40754765,-1.0914409,-0.13821167,-0.2548202,-0.0074503175,-0.7758239,0.12282637,2.4119506,1.0467777,-2.0005043,-2.166715,1.884536,4.9195924,-3.3301017,1.047218,-3.2420502,1.232035,2.4436226,-0.30322233,-2.5384054,2.4884713,1.664952,2.3911786,0.3011892,0.90862924,-0.49226868,0.057267576,-0.036862183,-3.6396232,-4.618679,-2.7051303,2.0982106,-2.3357449,0.23950207,-2.1953986,-0.72392523,-0.043589097,0.3953837,-0.19464108,-0.9572781
-94.30478,-27.602821,-19.142387,-3.0495439,-15.804929,13.297388,7.4788885,-6.492075,-4.8640094,-6.583463,-1.1211456,-1.9358016,2.7224092,-1.8281783,0.72159505,-0.7396548,2.164828,-1.5284827,0.4101402,0.54906195,-1.9090925,-1.6023446,2.4488769,-4.456059,-0.274137,-1.1809818,1.3084987,1.2013155,-0.49689585,-2.09956,-0.23731865,-0.5281723,0.96564263,2.5139256,3.733313,-0.17281716,-2.1158056,0.54632634,-1.8376025,-2.1350298,-0.8761896,1.952252,-3.5245972,-0.25752702,-0.012245005,0.3974511,3.802688,-0.38550785,-1.4208986,-2.7408228
-10.248705,-53.700737,21.594128,-3.3644662,-5.933434,4.0919824,9.989987,1.1280897,-5.1095567,1.8223764,-5.9731665,-3.5907328,1.7952214,-6.22064,-5.9705534,-2.9008057,5.719575,-5.446468,-3.7926292,2.075727,2.7397947,-0.82605076,0.77259946,-0.37114108,-8.493042,-5.3421955,5.3602195,1.1681215,4.1266775,-2.7139566,2.4504948,2.1309688,-2.4438474,2.6190593,4.195292,7.523087,-6.4108706,-3.6393309,4.525254,-10.01492,1.6799641,6.322264,-2.082315,-0.8205755,-3.6690748,-2.5507312,3.6056526,-3.3243403,-3.3511853,-9.709573
9.340866,104.96512,28.733932,-41.078465,2.607112,-11.359387,-19.52774,-4.1937757,2.3265152,-15.5964985,-35.65882,3.0903018,-3.9201646,26.37721,-0.6388692,4.5128803,-4.7656236,8.708443,8.588827,21.714334,-7.708445,-17.137444,-17.795471,5.7618976,-1.2205427,13.228844,-32.378803,-18.072706,-12.351445,-15.288012,48.922764,33.04338,-17.33339,25.953524,26.415632,-7.2139125,79.006096,-9.209109,36.272335,-29.373447,-17.386488,-23.619085,-25.422615,7.0263605,-11.274005,-2.7184525,9.896102,-6.70642,14.541865,5.376185
-3.372051,77.57207,49.337414,91.53969,19.95172,28.309872,6.2484603,-33.79306,12.185643,11.830771,84.82505,20.306826,77.12613,132.96574,-78.11785,-89.51685,9.61169,0.92334676,-11.539773,8.270472,18.733665,-10.511504,-5.796671,1.405153,-7.7364793,3.3814487,3.1896544,5.843906,-4.544222,-7.2375693,-5.0491543,-2.4454405,-3.9072638,0.4402675,-6.9015245,2.4059014,-1.4861844,0.13927193,-0.27711296,-1.4631338,0.4845042,-1.7011948,-3.7755795,-2.4235563,0.11249012,0.5990322,-1.5384158,0.578507,-1.0180831,0.2113999
55.783356,186.77068,118.64136,118.75203,38.871384,238.95973,-70.8805,127.63487,-10.141662,8.468198,-29.972797,-27.507736,-6.935254,-10.223884,12.467683,-0.28087342,-12.134434,1.4451236,1.6237317,1.1602609,3.6777627,-8.284614,-0.85866505,0.7705517,-1.6975437,1.0414319,-0.6414833,0.63120323,-2.2819452,-3.9339035,-2.0912085,-0.40439168,-0.15270525,-0.022961352,-3.8712687,0.94349515,-3.644255,3.846325,-1.783647,0.79441774,2.514331,-1.6348999,-2.6143556,-1.3247939,-0.37223643,0.7832479,0.19233605,0.53658396,-0.4659039,0.80898947
137.57379,240.60013,101.17781,-112.195145,4.364466,-25.406092,10.180962,14.2214985,71.24374,-70.91967,-65.79686,6.6480007,-27.907217,14.751856,16.714869,-91.96908,-12.158629,-31.300901,-41.913265,-36.509956,-35.857487,68.42073,29.9356,-38.65918,-3.8328388,-21.40596,7.68284,18.481003,9.921878,11.354737,4.9697657,11.257212,1.4363055,-4.663332,12.7257185,-2.1654599,-11.811552,8.261705,-2.1461952,2.831546,-4.215688,0.9706987,-0.18814534,5.5176215,-0.6061931,4.244333,2.0557294,0.23383182,2.14842,1.0916808
62.16922,20.087038,-36.865387,-39.156334,-13.389301,-40.091793,-72.051834,61.638958,12.947474,43.630295,35.451164,21.687517,11.123955,-4.814836,-31.895668,25.517548,2.4079819,12.823832,0.38447264,-11.500868,9.082749,29.071869,-10.524519,-3.513332,-15.684633,-20.584644,24.299793,-4.372174,6.120788,41.700504,13.316827,31.558418,-30.277016,12.9047365,19.126242,-11.611792,-14.207185,-25.309769,-2.622575,1.5505046,8.292047,-6.713122,-7.2433033,0.33566266,22.115505,3.5125237,20.807798,-5.9489675,9.517893,6.929816
-39.142113,72.55471,8.017762,-46.885105,-13.368527,-11.209594,-17.84892,5.612521,-1.2147329,-9.68357,-7.5474834,-5.98197,-7.789768,11.142996,2.6484156,-2.2720113,-2.5348945,-0.06148093,-0.3703783,4.094918,1.0981832,-10.040291,-7.1334944,8.7860985,6.658518,1.6128986,0.104162656,-0.35799193,-0.9624899,-1.9260633,-0.8107567,-1.8768029,-2.7806857,-5.294602,-7.5508375,-3.6865065,3.9705482,-11.325802,-4.4975386,-13.175909,10.841513,1.3829187,-6.7748795,-9.924955,7.1980457,-3.8079364,6.146169,-6.3574243,4.5482163,-13.007711
-39.576504,49.21286,7.086024,-36.833057,-13.729357,-1.3557984,-10.178719,1.481091,-0.8499315,-10.479241,-9.232858,-4.712119,-3.9403367,7.2786727,0.46583036,-0.97506917,0.6484994,-0.5123518,-1.2067648,4.796468,-1.7402854,-5.2972775,-2.3261385,6.651563,4.1421113,3.3095691,0.6254394,-2.4020026,-1.2493845,-1.5396149,-4.2924066,-2.7830753,-3.3008225,-1.0190574,0.31794706,-4.0593863,6.6829996,-11.139028,-4.6933784,-8.459591,4.7603226,3.5157557,-2.401966,-11.570385,5.7129683,-1.2337903,2.5520089,-2.0623271,-6.52377,-9.045027
16.249275,-5.4575067,-37.855133,-14.751625,-24.408625,6.247085,25.083466,18.946032,19.154152,18.487217,-15.909924,-17.153782,32.769684,-17.504248,-0.09758324,-16.589579,40.728916,-10.846429,4.520183,23.67809,18.09148,46.258457,24.89104,80.04447,2.3746002,2.5328724,-4.458831,12.671011,-4.620856,1.9899548,19.107443,-8.431667,3.7483945,-10.415845,1.4321566,-7.1117625,6.1067743,-1.3333251,1.5870035,10.286056,1.5981078,-4.3060193,7.5095544,-1.2744598,-12.482442,-3.2939591,2.2425888,0.20699708,-6.8680696,1.7292787
-51.793602,24.9261,-26.447557,-32.276783,-13.785745,-6.9826922,-23.917515,14.121055,1.4792554,-1.302396,5.8042645,-2.385326,2.790347,3.3913157,-5.3581796,2.340802,-1.6426561,0.7812373,2.0542424,-0.4025892,-1.771596,-0.27481443,-6.9061265,-3.5314248,2.6436167,0.8619194,-1.7808449,-1.5547662,2.8488345,3.7451572,-5.7474103,-3.4787104,-10.698755,-0.121868245,8.6074,-6.9428005,7.007689,-8.832542,3.1329172,4.840271,-11.7853565,8.379889,11.986941,-0.45050406,1.828366,3.9938378,-1.50107,4.458077,-12.961092,3.1124146
-23.801216,16.77369,-67.21442,-17.56344,9.675694,-6.471242,-13.58293,7.3973494,2.397727,-0.95633197,-1.4479793,-15.079766,11.941464,-1.6698252,-2.6585665,-1.8445281,0.4310351,-6.237518,1.7476654,3.5693903,0.48184562,-8.835909,-3.558691,-5.0041738,-5.338291,-0.20926452,-10.728047,-4.080408,-1.5327756,-0.96251047,-14.793095,-4.338465,0.60743654,2.5053973,6.029279,-1.2823691,-5.149543,5.983176,12.9926,12.33034,-7.9517913,-4.685414,3.4386675,5.0301337,-6.533268,15.592605,2.9484568,-9.15228,0.63464254,-0.9392188
-14.240389,75.56777,7.0855546,-58.681168,-4.3423376,-22.751102,-18.08507,-0.42713177,5.9706926,-12.942139,-21.586237,-22.911411,0.97984207,7.2126613,1.0617232,-6.635325,-4.710345,-8.34468,-1.522332,12.053217,1.557829,-21.989605,-14.889643,14.564205,2.1335487,8.405667,-9.115543,-11.651878,-3.9335835,-11.230442,-13.426637,-16.094355,1.141428,-5.653669,-9.908774,-3.201568,-1.8265027,-3.433515,-13.620695,5.5855207,19.085457,-12.11325,-9.841272,-14.706384,-7.677466,-2.5990489,6.0041885,0.4585444,15.37412,-3.2398996
-17.05998,39.404957,-27.248423,-45.7088,-8.894061,-22.194021,-30.809853,22.250547,12.650042,3.8401194,-4.501598,-17.27376,10.259011,2.5702698,-8.900788,-2.3374298,-0.85542053,-9.081867,0.116416834,5.413395,-2.0329926,-7.1444592,-13.899799,5.893217,3.772099,2.0011709,-7.3392687,-10.44387,-1.4027054,-5.2535644,-21.884865,-19.983555,-2.2944524,-3.8875144,0.7568252,-8.3900585,2.6223602,-0.7490113,-10.234658,17.149069,5.3717837,-13.787199,2.3223495,-0.2851416,-15.209153,2.8154838,6.7849555,-3.4853253,-0.46169084,5.340056
-14.589205,95.38566,14.662808,-59.41092,-12.249334,-19.075235,-22.008617,8.463212,3.7032585,-18.326508,-3.3423362,-11.023077,-13.930682,14.26966,6.8585634,-2.076838,-7.833363,1.4645723,3.8457801,6.6205077,1.1055532,-19.060568,-17.61575,7.944936,11.733027,5.31349,-6.564416,1.5181259,2.645104,-9.511508,-12.528915,-13.693201,-1.9140407,-33.04369,-26.688992,-7.8025007,0.19536783,-24.747301,6.710272,-6.8338656,-2.59373,20.046644,19.744705,-13.65313,-1.5882617,-13.703306,2.3756835,-14.411695,10.340591,25.460363
-54.122383,56.827045,-19.84762,-32.78519,-0.5533848,-8.168951,-11.370517,4.7257996,-5.2627816,-2.3957329,-1.7660732,-18.757124,3.024976,4.1005044,4.513857,-6.680199,-5.0213013,-0.31736958,1.194417,1.5940478,-2.0888176,-9.581175,-1.4165018,-2.3380337,7.3959703,12.71416,-0.8436883,-3.983649,2.983139,-1.6313282,-21.416628,-7.369447,-11.015628,-8.298562,18.672966,-8.973343,19.969608,1.6323639,6.699233,6.7369704,-20.825428,14.753873,34.296005,-3.0101366,9.507658,-10.802218,-23.39308,23.245392,-33.557022,4.338985
-44.818283,27.992338,-28.732985,-37.527954,-13.148919,-10.686249,-27.1466,19.463654,3.5564535,-2.247701,5.477213,-6.467192,6.163576,4.433552,-6.883908,2.27584,-1.6718096,-3.3194523,3.454239,0.83662903,-3.8440726,-1.9322385,-11.636461,-6.640303,4.8101296,3.717491,-4.917758,-4.721116,3.7279265,1.8593715,-14.553026,-11.523714,-12.297699,-5.439657,10.114778,-12.65668,7.5334415,-9.220581,6.862983,14.154756,-16.603264,10.138194,21.554314,2.355887,-5.9679227,-0.062535875,-2.8504245,7.4063907,-22.08227,12.780339
-101.05173,2.8162203,-34.02763,46.924538,-21.316204,-1.1143497,-1.3354391,-17.125381,2.3549354,2.6839871,-3.487136,-1.1062875,-3.2512956,-1.6293705,7.044392,-0.98792547,-1.7240481,0.88862723,2.50692,-2.6154315,-6.60071,5.403528,4.063142,-8.368664,12.273355,7.8707433,-2.223836,1.7417626,-2.7486665,-3.5971155,-2.2263405,-0.21908413,2.8344345,-3.3696303,9.468805,-0.39018923,5.8826137,8.210184,-7.645526,6.9459896,-1.5161995,-5.8043623,-4.61266,-1.8420868,12.478931,-7.042444,34.571957,-3.6152878,-13.752925,41.094826
-41.97079,85.91224,-1.4427894,34.077,9.541307,3.5293808,23.048855,-26.014904,-23.587366,28.827568,6.669993,-5.809143,-5.0217395,1.4359102,12.128052,-3.979164,-11.365118,3.6287367,-0.15373841,-5.243205,1.8086718,-6.2562976,12.615215,0.13535435,-0.08398561,11.648954,15.399795,2.1914527,7.902931,2.0808017,5.7624607,10.467843,-2.5395849,12.927489,24.527344,-4.8629622,5.249264,21.190489,5.1985464,15.518142,47.717857,-10.238734,52.423576,53.531174,10.74116,-29.808691,18.524185,-17.99505,23.660557,-2.114381
-45.94699,74.6546,-0.9341735,-15.068796,1.4343598,1.1003523,-0.24937141,-16.332848,-7.8284926,0.4453643,-3.2087805,-9.670308,-6.414065,4.0547957,6.8042636,-2.7741456,-1.2612511,2.7020206,-4.2415977,0.3786768,1.8656894,-7.9322743,13.454837,5.294568,2.8648543,13.000973,12.211817,2.8904808,-5.349039,-1.7722112,-7.645671,-2.9974227,-4.178301,6.322916,17.605507,-2.393816,12.245154,12.365719,-1.2738669,-0.5917644,30.658796,2.0642924,10.693993,2.2716858,4.348514,-2.6639345,-13.418783,1.1609144,-14.855213,8.325386
17.933279,157.97922,32.7095,-32.01201,7.7307434,-17.26129,18.512062,-15.348676,-22.425776,21.198812,2.5071254,-6.4123206,-35.214355,12.11612,33.103127,-17.472183,-41.326336,11.447154,-16.03877,-4.054925,24.604952,-49.022724,25.955841,46.00397,11.928419,67.62783,74.56629,2.5961707,30.807384,47.17418,4.2692747,-3.8845007,25.44697,40.898567,-6.3776684,11.63285,-8.403477,-17.335978,2.6158414,7.706412,-29.540354,-2.6281028,-11.644741,-6.9740195,-4.8364987,6.847337,2.5058076,-2.436682,-3.4627879,0.942653
57.34957,5.4167237,-21.042728,-30.653328,-73.022095,3.0478709,11.155186,48.69252,43.36035,38.703014,12.560189,38.843056,-0.20245709,1.0605136,-14.358075,13.300767,28.633097,-22.808521,7.365678,15.706798,-24.117754,9.314599,13.490135,-18.26787,-7.191515,-16.776255,-3.4613497,15.957774,-18.684666,-12.226929,3.9087234,-13.047788,67.37349,72.27304,-9.753153,15.746779,30.979385,-17.29555,-6.040272,24.822046,16.63985,14.1354,24.494654,-28.54292,-11.812099,-2.954726,-9.599945,6.3725038,13.0747595,-0.14986949
-19.192034,5.1381383,-41.027096,-26.354782,-9.663477,-14.966739,-39.1774,29.735601,-0.5158515,20.70266,21.724018,6.633313,8.978292,-4.3589163,-14.738521,10.316168,0.74157476,5.702962,-1.1447963,-8.856639,5.0221047,17.758753,-0.578753,-4.119274,-2.3034732,-8.351418,11.104187,0.6782689,0.5717889,17.159885,1.957042,15.729514,-6.141028,2.5630524,11.018366,-0.5183045,-1.088152,-0.4332581,-12.543077,1.0917069,-1.2353412,-3.341508,0.52756864,0.24221496,-10.671691,-2.0220528,-6.331097,0.8218229,-0.94413656,-2.3090808
-52.505817,18.136534,-34.13821,-25.690119,-22.082266,-7.106472,-27.745476,22.105913,0.014607822,10.407099,23.527983,7.817254,0.89519244,0.2525973,-6.387649,8.226151,0.41437593,7.9591928,4.220402,-5.2092338,3.1106493,11.201289,-1.1273985,-1.7819232,7.154474,-5.5340624,9.32672,3.9390988,3.9951162,12.403096,2.0433385,15.75497,-4.9089885,-3.5434957,2.902526,-3.6040173,-1.5565026,-5.412279,-6.7383175,-4.303119,-1.2675278,1.0045991,0.60690683,2.6056921,-11.235615,0.28178245,-1.0851722,-1.7071955,0.5323434,2.0229905
-64.76822,-1.594452,-44.582035,-18.701733,-9.355237,-5.0018272,-20.12859,13.550227,-2.5506437,11.642364,16.578114,-0.28653196,7.952675,-6.138009,-5.285817,1.9057195,-3.5783174,7.6664686,-0.60259306,-4.9379597,4.036603,4.630834,5.5073566,-2.678679,2.0975137,-3.223391,9.956367,0.26032105,0.16573747,11.280343,-2.0104065,10.337248,-3.1865642,-2.184444,15.130918,-2.5961175,-0.86270237,18.807018,-10.136621,5.329253,-8.570226,-6.0553236,-1.6697518,-1.5999452,-11.446572,-4.9902663,-14.673932,9.778365,4.294006,6.3415847
-0.54662275,123.96335,46.495617,-23.018959,2.6995003,-4.090968,-1.4826405,-31.475042,-8.471818,-18.373777,-21.000942,16.392313,-5.0596814,17.013075,0.8283852,20.743591,0.6502933,16.632187,12.182089,22.079294,0.7137235,-20.388668,-17.701756,5.2247143,-14.776343,-2.8651295,-37.91337,-16.910072,-8.965527,-23.789083,81.247314,48.710434,-0.2447998,9.971132,-16.33645,15.402268,-54.422745,0.13659202,-26.373007,39.584538,-19.032425,-3.9229996,19.755579,-3.1370637,-1.0014124,0.97849786,-10.031329,-2.1499958,-20.691032,10.016129
45.1826,23.479141,78.116295,5.351233,41.63323,4.5809603,-4.598505,-16.328754,15.6301775,-36.03847,95.71447,28.49129,22.52216,-26.658472,69.355865,30.570095,-41.3355,-39.783775,-77.832436,118.40637,15.043246,35.96839,-8.912811,-11.385697,-5.2677603,2.2221696,-3.504697,5.242981,8.770228,-7.9864316,-11.785357,3.675209,-10.994829,6.0768576,1.3803116,-0.3703483,3.6284595,0.84759027,-1.3390939,2.3091493,-1.5832947,-3.997724,-1.7275757,0.7226446,2.0524669,-0.37441808,-0.4407876,-0.38604912,-1.2327876,-1.1919358
110.624954,263.45544,137.735,-12.789767,61.99237,17.980646,15.488907,-61.01683,2.0208418,-44.568474,32.982998,55.004444,75.47473,-111.166214,-78.794586,28.328224,22.074062,-4.1351695,20.359955,-26.02125,-42.27739,-17.644997,13.94342,6.8424363,34.013763,14.695907,9.68972,3.074774,-7.1584272,6.7440434,-6.5905113,-0.09318601,-1.8161935,-0.20667817,-3.7162104,1.4548262,4.12658,1.3118706,5.3662934,-3.4420521,-2.073274,0.46451268,-2.796832,1.0923834,-2.8327992,2.321556,0.33342806,-0.23604493,-1.792547,1.5696806
59.372887,132.56424,56.37129,3.178765,-15.437527,-9.15652,63.898,-0.18709439,49.42483,15.586822,43.522488,19.405432,9.948818,-54.819305,41.888905,-35.12183,-54.505478,54.30911,46.47422,-48.831398,98.83304,2.3092813,-30.345299,-2.373098,-47.62755,-25.143604,-23.316347,17.498169,-9.130566,-23.895422,-5.4484153,-11.994328,13.251456,0.81673133,16.463812,-13.209946,7.380658,-8.584903,-2.2655003,-2.139432,-3.9546056,-0.2504949,-3.9611475,-5.3950534,-1.5381801,-0.11330156,1.8156799,-1.1654192,-4.067229,-0.38019097
1.3678223,12.086269,40.119274,-0.4301071,5.599146,-24.238218,-24.787348,-8.236157,12.607843,-0.17854539,-3.876133,-10.330726,-0.043250136,-10.69253,-3.9887667,-0.6047625,-8.62317,0.05324239,-1.3338267,3.999019,7.632261,-19.202747,-7.2261577,5.397842,-10.2888365,-10.003542,0.8555922,0.20767112,1.9693568,-9.587176,1.6951911,-10.609062,0.10417595,-1.9549603,-5.8194137,18.5117,-14.714163,5.8314424,5.460238,-5.5763226,16.422188,-2.6486766,-1.2853571,4.995068,-4.222288,4.644339,2.1268537,10.6568575,10.314816,5.4644923
-35.42837,103.06103,16.072475,1.0309108,-1.6713521,3.5350444,5.914324,-10.680975,-27.26097,9.678258,-1.7594674,-13.155151,1.0111939,10.60835,-1.4988979,13.35843,8.628965,-0.11862057,5.5595403,1.4551113,-5.125113,8.642289,-11.1047125,-7.441965,4.5846925,-4.7351336,-6.4693155,-1.9561331,8.726254,1.1336551,-6.37315,-2.196435,-13.3068285,-1.9331349,9.690199,-13.102359,21.807081,-15.857388,7.942543,-2.9043953,-28.04844,24.28379,32.3988,0.7230126,22.79718,-14.159946,-10.171952,11.21167,-10.273644,-21.430925
8.407115,35.29538,15.527236,-59.417065,2.4567304,-38.83484,-40.73109,23.865318,8.396035,5.463445,3.354973,-23.683163,17.004488,0.27409214,-5.190642,4.4995117,-4.332329,0.29280615,11.084127,11.180262,3.009741,-23.858595,-15.840326,5.381783,-1.5913149,-13.166325,-10.633674,-4.8862104,0.07516731,1.0966045,-14.41847,-12.021686,-2.8059864,-4.1226215,-1.2695456,5.3481975,-12.535726,11.709451,3.933367,4.0406675,-0.34840995,-1.322571,0.7772956,4.4604087,-2.3784304,3.2443655,-1.9200376,-0.52127427,7.635813,-1.5639317
-19.250643,85.305115,21.363369,-49.759895,1.6084166,-22.805922,-22.53577,-6.0149336,-1.2099303,-9.140803,-12.891159,-19.924765,3.687562,2.5280998,-1.0894964,3.7378707,-0.39926958,-1.9999045,2.0783286,9.914147,2.3252046,-18.906307,-10.926876,9.731902,0.21042897,0.7684598,-2.818457,-6.1127543,-4.954949,-5.953089,-11.794689,-11.1893835,-2.1814377,-4.681927,-6.260209,1.5106663,-6.306823,-0.046337023,-9.390807,-0.90876585,15.34334,-2.918195,-2.7550936,-13.253668,3.9086568,-5.0642896,-0.9784084,4.236333,7.71181,-9.696215
-81.59511,43.767937,-4.38304,-13.096247,-11.885387,5.4915943,0.55072534,-18.427681,1.0187036,-14.056747,-2.5694537,2.6104434,3.22075,-5.958218,2.7265074,1.2836205,-1.9900975,2.61978,1.581668,3.1756694,-0.25899905,-9.924916,0.3451565,1.8666612,0.6094079,-0.18764329,-0.98711354,-1.7351514,-3.5517714,-4.7970333,2.7767723,-0.6304024,4.2256293,2.0220797,-1.7812413,0.75801295,-9.668749,3.5796382,-10.303281,1.8962181,10.338425,-5.242379,-9.388994,-7.4958644,1.5571754,2.0150645,2.8902318,2.2174377,3.5121746,-3.9061136
-83.9371,31.105133,-6.715742,-13.733658,-5.889498,4.462176,-1.4217788,-15.621056,0.30046156,-13.292837,4.5661273,-1.8232417,4.298835,-4.6808286,3.4557514,1.3159082,-3.1883953,3.4620163,4.83577,0.82117003,0.21480775,-6.89191,2.4449487,-1.9334304,3.7728043,1.4766278,-0.38167056,3.1287374,-4.7714715,-4.616559,-2.350321,-1.5029591,2.7652314,0.94644403,1.0526987,-3.3654444,-2.4396226,5.2167706,-4.646783,1.4049364,7.1280107,-0.9164606,-6.149551,-1.5321413,2.853521,3.5868688,0.14508633,3.350968,1.4973999,0.3554845
-83.14798,33.729378,-11.971313,-29.615614,-12.835028,-4.6853175,-11.1522455,-6.785636,-1.5487932,-13.37279,1.1562239,-9.3098135,2.567596,1.4663427,4.359643,2.096615,-3.7758994,2.7891262,5.757649,5.3885703,0.94026905,-12.464485,-4.6297235,0.9898677,5.7259803,-0.3440249,-3.2265038,1.3224722,-3.1011927,-4.8450437,-7.1838655,-5.7727003,0.66238636,-6.1827226,-3.817304,-2.39928,-3.7942383,2.3405902,-4.995837,0.20545885,6.316752,0.86425287,-3.5006952,-4.969078,1.045449,2.5812137,-0.015974736,1.1651726,4.9253917,1.3707634
-54.960625,102.18385,9.800889,-4.8398633,-7.355794,3.8572052,14.338985,-15.055077,-22.657928,-2.8469863,1.2675525,-7.7502775,-1.3686227,8.503454,5.8975854,9.162017,4.7009335,3.2710083,7.1201625,2.795836,-2.0942068,-1.9524019,-11.531629,-4.6459684,3.5686738,-4.0379205,-8.306333,-0.1173112,10.18991,-3.5848315,6.8111377,1.4652052,4.0117173,-10.483885,-11.48452,-9.6742115,-16.094925,-12.535508,-1.2210451,5.894751,-22.16203,19.038227,17.020088,-1.2925185,13.534694,-27.576088,22.423529,1.1184323,53.088303,-25.565174
-59.97986,-9.183987,5.9815044,-0.9488042,-7.5589223,-0.67155933,-10.505533,-11.262717,2.824945,-5.8022075,-0.78323877,0.5030417,-2.7146182,-2.797244,-0.619982,0.7572841,-2.3401465,0.53328425,-1.5560851,0.12598793,1.8478919,-8.603423,1.0863692,-1.3220803,1.0255034,-1.1521701,0.46321186,4.7246675,-2.7584853,-6.7810397,1.9331441,-1.8828256,1.76473,0.20865948,0.11336899,2.7991734,-2.9151313,3.5606673,-3.3205879,-0.94088256,12.670477,-1.2705864,-1.1089556,3.1520362,0.43916988,2.610159,5.226843,1.4021337,-2.9466538,-0.89461833
8.607526,95.16396,27.83663,-76.66282,-6.2152047,-27.87735,-29.25901,7.862765,4.7924833,-10.66885,-5.344568,-14.410013,-6.4380255,10.804241,2.841368,4.7538657,5.6645527,1.7370619,3.3064172,11.081843,5.7408657,-12.658703,-5.0304527,18.370481,10.140618,2.6080832,-3.522144,5.587541,-8.368611,-6.607609,-9.5292425,-10.531419,2.4315934,-14.422396,-14.157742,4.1649413,1.6867328,2.8936,-9.581843,-9.476652,31.12549,0.467277,-12.728107,-8.15605,2.2551968,-3.8356712,-2.8985574,-3.3985546,-2.4067192,-0.9475836
81.746346,262.62,99.40596,-12.65724,37.69438,1.277699,39.10117,-53.69543,-76.666,17.182693,-16.019793,-19.661375,-43.63299,51.089188,0.07608437,82.25674,86.92087,14.90635,-3.9311514,0.56213456,47.846973,53.36624,-5.3866925,-25.655289,-22.780596,-22.893064,14.291505,0.411393,-12.236758,8.617906,-28.435816,-12.164037,11.578272,1.2307554,6.2400723,5.457181,-1.1696278,6.902638,1.69979,-1.5937039,-2.2501593,-8.172085,-13.820704,-1.4074284,-7.2596617,9.918946,-1.0410949,-0.4300032,-3.8570275,8.497248
69.104774,67.849556,21.168173,-61.890255,-60.27039,-29.390045,-2.114858,57.88298,32.854153,42.04406,23.208601,25.568949,-15.764708,7.4573736,-1.1930169,10.64876,9.501862,-3.0082436,9.08121,20.012396,-9.280871,-25.326864,0.4411192,-5.8462663,7.737992,-11.691202,-8.202652,26.324661,-12.395202,-0.03408771,-3.6988568,0.8546288,47.090202,-18.90211,-43.925507,23.672443,-2.0151198,38.704082,21.657757,-25.412434,-27.42552,-3.9282544,-14.569291,50.00866,29.48424,-10.005196,5.95736,-3.476464,-18.168062,-5.2512746
-44.41008,3.0597541,-22.762566,-35.462124,-10.293955,-16.322155,-37.37073,21.354893,1.1094139,11.1595745,14.103689,-4.924969,14.452617,-1.5817801,-7.875286,8.450786,-0.8508192,4.8336306,5.2046633,-1.1378874,3.4532204,2.8669515,-1.0579956,0.4566669,1.6270876,-10.761128,3.5654693,-1.577577,-0.2022961,12.261946,-6.315986,8.022794,-5.3888617,2.2687156,10.113395,-1.3192412,-4.148762,6.822811,-13.939864,1.9587002,-0.59596324,-6.7877774,-5.1560364,2.7145367,-6.6686907,-2.0778117,-3.3421257,2.1899855,0.37374884,-0.35454044
-34.43902,7.8911242,-25.062979,-30.995377,-23.219482,-13.823395,-35.253613,30.377443,-1.5166929,20.057808,32.41389,11.785919,1.9623066,-3.0760648,-7.814644,10.376587,-1.904689,15.311144,2.6892436,-6.103673,8.2597275,11.148212,1.1671793,-0.0073394077,3.9458272,-11.859192,16.522642,9.090009,4.9845996,20.052826,6.3002806,21.087282,-7.53616,-13.030764,3.533756,1.5782086,-6.6092653,7.4387503,-5.13854,-9.678147,-5.110333,-1.4840636,-0.92526907,0.12687035,-12.716206,-4.8880777,-12.531926,4.779204,5.2059193,2.0991793
-47.06404,23.894257,-17.528797,-41.987156,-16.06939,-16.063097,-29.930351,17.586035,9.119739,3.5896235,1.7415769,-7.3443804,12.701842,1.3022405,-8.139944,4.227977,-1.1396482,-2.27795,5.0222526,6.7588434,-1.8572662,-8.449168,-6.0016823,1.6968706,-1.1554509,-7.9408216,-3.9131129,-4.8910985,-3.7554238,5.588864,-8.728315,-3.7246978,-0.8034839,3.4722533,8.36299,-1.1144755,-1.7228572,6.0783544,-8.759927,6.1295204,4.065867,-6.738413,-4.4413214,3.419316,-4.829604,-0.6210115,1.4056752,-0.8907223,-5.7940392,-6.940648
67.34854,-61.8705,45.71124,-8.929131,4.5687685,0.2551968,9.07429,6.1513643,-9.055897,13.822483,-49.078354,58.234524,20.166851,17.874046,-9.734661,9.907177,-38.057266,39.874218,24.036509,26.593613,-13.398619,32.74,-6.5733485,12.253449,-9.610926,25.77459,-15.951877,-7.7426925,3.5525916,20.785295,-13.97684,-0.69890565,4.137888,-1.2266538,9.269296,0.3202702,-0.9927332,17.431936,6.731464,4.0563755,9.726471,34.572342,-4.4608274,-16.905216,56.990467,40.580734,-5.9889097,-3.175468,20.975529,9.7746105
21.661818,-27.253372,65.95121,153.62117,-1.6231755,-47.767723,-104.87039,-48.7895,119.190636,-6.7608447,-31.865292,11.993945,-23.451147,0.7935094,5.3613887,24.802933,37.629932,24.32209,18.623505,15.157162,20.499184,-13.17626,69.62508,-7.9063077,-38.5082,20.144821,11.05671,12.880097,12.653255,-15.954077,-12.739677,5.3360286,-21.389753,10.332991,-27.468681,-40.2733,0.14992085,8.823712,3.1030374,-2.8892303,-8.038252,11.603353,5.2894893,0.8460011,-4.600351,-0.18712606,-0.02987211,-0.20370837,2.3808095,-6.3539667
-33.588432,-9.77517,22.25471,108.53063,-13.06412,-9.93509,-45.86816,-28.027086,65.25186,-10.7708645,4.3005457,10.750241,-17.40658,4.584651,13.552033,10.252651,15.849627,0.85041076,6.078098,-1.5059663,-1.0858694,-4.8324723,11.503588,-1.9587022,8.6590395,10.853943,-8.137455,-12.707334,-8.6577835,16.83346,5.8464003,-19.540588,28.518482,-52.489605,60.3344,73.14428,6.0258017,-41.485928,-4.6576557,14.955129,-5.2740774,-13.26307,-3.141959,7.281556,13.573658,-3.8162525,-16.690678,-9.177947,4.961057,-10.984861
-0.9599927,-21.247765,15.543558,32.484795,-34.046146,3.8478713,43.077805,5.423074,51.54398,-5.755826,7.4730496,-12.880041,0.41627938,-6.741454,19.530952,-5.775921,16.590652,9.510836,12.410498,-8.964252,16.790848,8.589566,-14.564339,-20.981977,16.089634,8.794818,5.5611296,-32.356396,-2.3824723,38.91013,-6.064776,21.276688,-40.14685,-3.3636372,-38.823994,51.890053,19.198002,39.800724,16.123806,-0.33418828,3.8792372,-28.467012,30.29481,-51.3364,4.8193984,-3.9480693,20.998863,4.1625614,-5.011712,-8.227256
-7.973471,84.80862,22.097115,112.95005,-5.3581653,-32.465347,8.916414,-19.530016,2.259421,44.21053,-9.489063,-41.09934,23.05416,-11.7112,1.9428114,-1.5549805,-0.6845464,-17.985773,18.80599,5.6395354,-25.114664,11.472581,-40.30074,-18.408638,4.4288554,-16.848347,-30.208614,3.4080143,122.56866,27.10377,20.396736,-3.4228008,28.451542,-5.662146,-15.392057,-9.627996,11.93348,-1.1102473,-7.0599937,-7.8662305,14.910932,-3.1667876,-9.654919,-1.3904194,-7.942307,6.5605974,-10.740351,-0.29729638,-9.068301,2.8963485
7.7078133,74.1079,16.020205,140.58994,11.881548,-55.82702,-10.63279,-37.266422,4.7816133,78.184494,-29.727655,-60.66052,19.768543,-17.892183,17.62105,-13.936023,-36.96592,-25.552189,15.479039,10.612219,-47.85871,31.089247,-63.927925,-13.921522,0.20078416,7.946109,50.674538,28.975574,-81.17024,-1.2831948,12.379309,8.7790165,-0.30162734,-6.253469,-12.934702,-7.9486027,-2.2445912,-7.00739,-0.62007946,-3.930005,-4.4950714,6.627484,-3.322461,-3.0643656,-4.553553,6.959837,-4.6865387,-0.92457277,-2.786857,-5.704003
-109.95341,6.5321183,-32.408142,16.171232,-20.107307,6.6321564,2.3856194,-13.618644,2.8169177,-0.7409286,-4.6891103,-8.314633,4.9530764,-2.1907783,5.646848,-2.165595,-0.22273241,-0.5579765,3.6835668,2.1079364,-3.1882992,0.69828504,1.7166407,-2.1339984,4.167684,2.3083296,-2.7243617,1.8452802,0.5857823,-4.250934,-2.7406118,-2.5497987,3.4317112,3.253143,2.940796,-1.9466044,1.1060739,4.2706885,-6.682803,3.9531662,1.8275498,-5.1676836,-5.672614,-0.8850615,1.9639677,-0.106153704,5.511529,1.5328677,3.1466043,4.669904
-92.7182,16.13392,-30.79952,28.710653,-17.602339,0.411722,2.9221673,-13.605154,3.447985,6.4356804,-6.136049,-12.530985,6.368978,-5.1867085,6.858693,-5.7893596,-1.7472484,-3.5276117,2.6210704,2.557195,-5.023346,2.176013,0.030691648,1.085119,5.037153,3.316456,-2.3329494,0.77107364,2.4553864,-2.729679,-2.5675237,-4.617801,5.263607,1.3588003,4.854207,-1.5621272,1.0275772,5.097087,-9.607305,5.166368,1.9139377,-8.727547,-6.4445662,-2.0639603,4.694091,-1.4447778,7.736967,1.9092232,3.1382744,7.678044
-112.54848,-9.420313,-23.694561,32.045162,-23.729025,8.419362,-9.710538,-19.737743,13.12668,-8.529024,-4.928597,2.2134206,-0.67527604,0.27485812,3.9529583,1.6703967,0.91508305,4.010792,1.9205793,1.7821008,-1.8748363,-1.0401553,4.7833133,-7.1128073,3.288264,0.8351951,-1.2118167,3.728098,-2.2964823,-3.0210545,-0.95269245,-1.7420001,2.951392,1.9816788,3.9565928,-1.4523768,1.1319776,5.122275,-4.358132,4.3610907,-0.4559288,-5.309468,-8.377977,-0.9314453,0.8567582,0.57878095,7.386743,3.7725334,-3.9380257,6.058747
-117.785286,-1.9346291,-33.060112,28.697664,-19.481524,6.455583,-1.2083738,-16.157726,5.015924,-4.3961453,-2.6868377,-3.5077417,1.5418044,-1.7443275,7.8184934,-0.38344035,-0.65827096,1.8157883,4.419823,0.21376956,-4.7624907,-0.037152838,4.480243,-7.9462986,6.0510926,3.165679,-0.705851,2.5692756,-0.8830533,-2.2224455,-2.1998045,0.8955763,5.434814,1.6097115,5.949275,-1.3353333,0.95290637,5.0436583,-6.0592594,3.1398177,1.4689139,-4.68081,-6.766495,0.0807099,4.350733,0.051874213,6.8327556,1.5708915,-1.5226206,5.602592
-110.69366,22.634417,-29.62133,34.87993,-20.81107,5.4586406,7.981674,-12.253957,-7.9532857,0.7723656,2.6718507,-4.7413034,2.6128259,-0.70210207,6.2033324,0.75603145,-1.493542,-0.80679953,5.109193,-1.5210474,-9.867923,4.5771155,-3.3966155,-8.795099,7.8238673,-1.7535316,-3.0933082,2.8299322,8.856817,0.0050735283,1.2004209,-1.6511378,2.7145634,-2.0943315,2.1978757,-4.94689,1.1901048,-1.6636935,-1.9284443,1.1019086,-5.0551496,2.244551,-0.24074447,-0.54242265,3.3549852,-0.94985485,8.247297,-0.584342,2.6183105,4.0892286
-5.2438693,80.738396,13.376652,222.51341,-44.5326,-141.05232,45.24395,138.3242,-84.381966,-114.34569,-3.7354448,11.68048,9.074388,-1.743845,-5.7998595,1.7387315,6.221904,3.4480615,-4.9396143,0.9772603,5.318851,-10.179489,9.048282,4.918544,-6.250108,4.1348763,2.9864159,-1.6163813,-10.022426,-1.6219593,-1.2597572,0.47610244,2.488134,2.9764113,1.1883128,-2.3774652,0.8787306,1.3212506,-2.9297316,1.2825303,3.199085,0.3894835,-0.19285956,0.9119736,-0.9476247,0.7986808,-1.7681428,0.7070327,-0.49850592,-0.74020374
-17.951662,70.82077,13.1064005,-19.045065,-2.855683,-13.613776,-5.581311,-11.216511,-7.195044,9.482958,-4.7935023,-1.9130567,-17.483223,8.4316,6.5789256,1.0095729,-12.088566,8.891244,-3.5181785,5.755579,4.6557183,-26.566267,2.5989754,11.456789,-9.827962,1.5681356,0.2807514,-2.633092,-3.0384977,-0.66801524,28.480598,11.043102,-10.523199,-0.4154475,15.245033,12.17932,3.2431092,24.439323,14.230498,-15.342263,47.234814,26.335823,5.200894,8.467141,-3.713096,27.15635,-26.103775,26.705088,-13.441449,-13.989368
-16.238338,23.050045,24.5943,117.37925,-39.205833,-13.276151,-24.422356,-36.563908,21.719706,26.99623,-15.305502,36.115467,-58.62207,0.23172234,-17.801102,4.613907,-19.872458,-9.111509,-65.58459,-37.526882,22.90617,10.061024,-32.935555,57.391033,86.752205,-36.233734,-46.924915,-15.801585,-11.460937,3.455003,-27.672316,6.2567906,-1.0383266,33.71741,7.616881,-9.215688,-18.809893,13.449519,12.773261,-4.5761023,-6.015418,7.8734894,-1.4346634,-1.1071246,-3.8627574,-3.9128435,-4.6237535,-2.3249993,0.96832967,-1.5113014
52.118874,170.54434,14.236329,30.375616,-30.176655,-18.169197,73.22023,15.391673,-23.343723,109.336815,34.477974,22.988873,-26.252495,6.517844,27.938677,-0.67702574,-27.142715,-14.650751,7.5224385,-1.525306,-66.65387,-18.290897,87.2983,10.404718,-21.587507,-26.757551,-31.278856,-39.495647,-6.9188294,-11.7408085,-14.148383,-8.806187,-45.059914,-16.877651,-2.565474,0.43924946,-3.4633865,-13.18165,-7.63384,0.8529944,-2.6810095,-4.050935,-12.727426,-8.012712,-7.9017735,4.921885,1.1464217,0.28183833,0.6484623,2.7674642
-109.60294,-17.524961,-22.799385,21.89873,-17.226631,9.737214,-7.582136,-16.033518,3.340538,-8.154052,-2.386471,1.2684983,-1.8451718,-0.17389467,0.6833374,0.96760947,1.001606,0.32414767,-1.8792759,-1.6187276,-2.1307847,-0.7254229,3.3535793,-4.1071224,1.6264648,-1.4539437,1.6850992,0.7492651,-3.8078933,-2.3673086,1.5454793,-0.7277523,4.4444575,-1.0409654,3.5548263,2.1526816,1.4377633,2.7547257,-6.3755455,-0.8424644,-2.6795752,0.74828357,-5.22998,2.3308852,-4.58194,-0.521716,6.155905,3.9041915,-2.1248949,4.456757
-41.961548,-38.422226,11.723296,24.07494,-4.2934055,-3.0019972,-10.593375,-12.842499,5.555128,-1.370781,-13.074587,-6.534068,1.2757751,-7.3513618,-8.099251,0.057258826,-1.7838707,-4.966254,-7.581197,0.32296523,-0.40149593,-6.5478716,-0.58649635,-2.3052378,-14.743951,-9.123778,5.85988,-4.9951634,5.447772,-5.9354815,5.082534,-12.016582,-3.092795,9.279626,6.2894745,12.749009,-2.2502108,4.019865,-1.0994368,1.0424702,-4.897791,6.1414485,-11.863553,8.879293,-6.0337543,-4.9317493,8.777464,14.122084,4.0828958,19.91437
143.52664,11.968762,-133.72,6.8087873,79.89679,-6.656624,0.35071474,11.876966,4.7008123,25.61602,-71.898926,88.67903,107.167076,32.467407,96.48426,22.897882,32.295666,-24.591314,-25.33662,-39.034676,17.467602,-42.1862,-7.013313,-5.8167453,24.205576,-30.212538,22.257757,12.244768,5.1653824,-6.749718,6.4687715,-3.974464,-11.293988,-6.472492,-4.5179086,2.0724177,3.4677892,-4.7471285,-4.0051203,-2.8119025,1.4652864,2.398852,-0.28469732,-0.40399525,0.44449964,-0.59940845,-0.6871986,2.0774508,-0.7670401,1.3425659
239.41644,29.371544,-177.629,24.849823,130.23709,-4.8407607,10.479485,10.687112,6.237537,3.9797177,16.318544,23.93944,-69.274254,-32.555473,7.1933537,-72.439026,62.483902,97.870026,-0.5331256,55.313778,-39.519295,-13.003002,-33.942917,4.661292,16.699102,-24.990976,14.593593,-0.28383082,6.0187445,-6.8894787,-2.7558398,-11.670041,-8.515463,7.476905,4.3596973,3.8210251,3.6121888,-0.0069963657,-16.076141,-1.3190067,-1.8192511,4.4876432,-1.4671843,1.1870553,-0.23892842,-0.3402133,4.3349624,1.7782986,-0.037365727,0.06515782
188.55276,21.828945,-151.33888,19.345028,99.837326,7.0825796,19.066912,-0.15125628,19.006004,-33.960102,-0.026398994,26.283363,-61.581444,23.46972,-32.719143,14.512214,-43.428303,-102.765854,106.69283,24.177662,34.78723,9.433874,5.751656,11.586154,24.75768,-23.932783,22.54962,2.9244914,9.936435,-10.332005,-2.2699301,3.7781544,-11.771356,3.5467582,5.005075,7.7514606,2.4991264,8.987288,-14.017445,-5.718043,-4.7891793,2.30863,1.2059704,1.0223457,1.4354327,1.664709,1.0195527,0.30162868,1.1968243,0.4355207
241.72571,2.1168299,-110.39197,4.1683173,56.75133,8.114845,93.17358,30.712431,102.129944,-20.800348,-1.6337298,-75.12969,18.600998,39.275146,-46.1041,94.443565,-54.12221,55.640175,-50.653,-16.152676,-23.221378,-2.955565,12.480754,11.653629,8.485006,-7.946283,10.777518,20.34573,7.1583776,-19.033175,8.795367,-1.8970916,4.2847075,-6.327215,7.7996626,0.3384565,1.7780374,0.4341772,-9.82106,-6.8840585,-1.9709679,-0.20892294,3.90629,-3.7680933,0.22631377,0.023586256,3.4195857,-0.46538138,0.45023957,-0.2201156
93.19786,13.356279,-140.91876,12.066722,76.74828,-5.525038,-5.493578,-12.995456,-16.504478,9.684759,-16.39905,-28.609459,13.4864435,-23.660393,-7.9146585,-20.684511,3.1755776,-17.997877,-26.767849,-11.0091095,18.339851,0.5146303,16.081808,9.252154,-37.92095,26.285545,-34.24383,-24.364822,-7.259472,0.78837544,-54.145435,89.553116,39.96889,-7.3815317,-16.456789,20.991297,11.381464,-16.945696,-19.604036,-17.261635,3.7970564,20.709143,1.4912139,4.3994117,-0.5207783,-4.4170427,2.3756385,6.2719483,0.7509437,9.6372385
-76.079384,-15.301129,-45.919357,-1.6752493,-3.6353667,9.378006,3.8894157,-5.1762514,-9.126613,-4.4647236,2.6918943,-10.088915,5.6719427,-3.7531614,3.5089617,-2.80018,0.75310963,1.1527455,0.57070005,0.08906843,-1.5837817,-3.0640082,3.747615,-6.5962334,-0.5491669,-1.055748,-1.6112026,1.6115444,0.018952904,-0.06785576,-1.9085026,1.2555311,1.6085407,1.9880886,4.7569475,-2.9506845,-6.5680585,8.309238,5.86756,1.4974575,-8.147435,2.091007,-3.0556135,-1.8489296,0.25185275,2.3058357,-0.89205414,-0.42444992,7.7485456,5.9108167
25.29432,20.264664,-90.89877,-8.6868105,26.860466,-6.3367357,-7.694391,6.2785516,0.87299216,0.90694356,-5.1607146,-15.895444,11.523682,-6.8236375,-6.0760345,-4.431968,2.8514023,-8.941982,-2.3761961,3.359352,0.65440214,-11.141711,-5.3941326,-6.097426,-13.697041,2.5778122,-15.9013,-7.0994735,2.0729795,0.9183084,-18.527592,-4.9635744,3.038905,0.9224002,5.5665307,0.10625656,-10.089762,7.3173275,41.41139,27.54807,-14.1564865,-13.558672,17.205336,11.912414,-22.441797,54.671795,4.1532493,-34.26819,6.5000553,-19.543783
-29.617178,-3.1846857,-79.706635,5.1023655,14.960253,9.760906,-0.42708582,-10.124893,-8.325352,-5.896427,-4.78807,-6.3618608,5.974547,-5.49032,-1.0336024,-4.4188075,0.48993713,-4.755996,-4.4101586,-2.1663501,0.23398648,-2.5661523,2.413402,-4.8059587,-10.330474,2.554324,-6.5034556,-1.8939476,-2.0589013,-1.4524409,-8.343248,1.063694,3.9349103,3.6855872,0.20824346,0.4731976,-5.298236,-2.0759206,15.150289,4.035739,-8.141283,-0.21507458,2.625006,-0.34599498,-1.4833294,13.902285,5.5680294,-7.8473506,3.3637972,2.960742
72.00317,2.3267462,-84.08465,7.0956693,20.36587,8.10381,6.200707,0.73708576,2.3066278,-5.716941,5.5975943,13.535348,-14.886941,-0.0059425086,-4.3083043,3.066597,-2.7881527,0.26754776,2.8372216,-0.81102747,-3.5953596,10.882454,2.734189,-3.1282644,-6.664723,4.0433755,4.2288523,1.3719484,-3.5263383,2.4759684,5.9225903,6.205019,7.390325,-7.552123,-14.433733,-16.44633,-19.463781,-26.2605,60.959557,10.626382,34.24671,-7.5390763,-12.184782,-17.610205,14.588451,-31.378641,-14.253663,-36.434605,-26.785152,28.498621
62.475018,0.07073349,-88.39755,8.143414,24.078363,7.953742,7.151053,-3.074707,1.2972537,-6.6541905,1.0277066,5.71584,-9.017634,-1.6728187,-5.582054,0.52521753,-4.4104714,-3.877187,-0.11681621,-1.5429726,-0.7824979,3.9731865,0.9007,-5.0450616,-6.820263,4.1579213,-4.9748573,-3.4807034,-0.8943973,8.834199,1.4276108,5.582989,12.391273,-10.244495,-5.3458023,-20.329107,-15.967624,-12.128271,49.477844,31.978222,9.336374,-24.910233,-23.816069,-3.802836,9.912609,-17.348642,-1.4053895,73.009575,10.435339,-21.413671
-52.5025,-4.905548,-68.49937,2.2566237,3.3416722,15.265214,4.6447587,-9.000741,-3.9722779,-11.282491,3.0923212,1.4879278,-2.4619503,1.560885,4.2839875,0.20187497,0.35092002,1.1271588,3.3915591,-0.35713863,-3.47976,-1.0352759,4.518343,-5.835802,2.6486864,2.621444,-2.9130216,-0.63284886,-5.1253996,1.5113432,-1.6609493,0.5453044,7.0624976,-0.8845603,1.2304984,-8.599994,-1.9543235,2.4975882,4.439895,7.3662553,-0.7071604,-1.779215,-6.9043193,-1.3221204,0.65030146,2.200919,1.0323972,3.3918555,-0.2337576,2.9069662
-45.554928,-0.9981063,-65.250244,1.7584538,-15.559035,18.413149,24.42735,-0.86541224,9.939991,-10.793384,10.39565,-2.5429058,-2.9440823,1.7035722,8.279646,1.3472195,2.14653,6.2465754,5.9728384,-2.512277,-3.5212524,4.091665,5.857578,-10.737607,10.937711,4.643073,-1.6866077,1.2835013,-6.409533,1.214816,-0.9866673,2.0301406,2.6818123,-0.673707,-5.187392,-8.324932,-0.91944087,6.2670665,7.069082,6.4344525,-6.823417,3.6723344,-10.150622,10.382252,-7.5608954,6.2583838,-13.253598,-2.537751,-0.18534578,0.3373463
82.164955,66.36902,-123.30447,-8.277546,19.856241,-25.935326,-26.786375,38.089386,-2.7716844,46.00386,27.610256,17.826738,-10.815755,-14.942166,-11.482081,2.0160797,15.088669,-16.053213,-23.629261,-42.694885,19.428549,56.727936,-9.656773,-30.263723,14.94263,98.17906,-4.3632493,-35.625473,15.4993,-67.778725,29.713839,-34.322594,-8.567519,2.0104868,-5.483214,10.19896,-9.557453,11.870392,-6.099344,-12.7069845,-1.4666675,3.9785364,-6.720997,0.11733526,4.5585294,0.487445,-1.468558,0.54239994,2.5072918,-6.397733
90.11366,1.9383087,-101.23071,9.454116,41.444633,7.0499425,8.920686,-6.7094135,-12.354574,0.40041617,-4.1051,-1.795238,-18.949947,-7.082991,-11.674765,0.729254,4.464422,-22.841799,-17.520773,-5.8035574,11.194363,-19.279114,5.811634,-21.844872,-22.459557,38.1363,-77.7318,77.74334,-26.691332,71.02366,17.718138,-39.195107,-34.327038,19.509104,-8.31217,5.355301,-8.183421,-8.663392,-16.999489,-19.971151,0.5424386,-6.4748845,5.4045973,1.6576151,1.4967198,-5.3053503,-7.1251163,0.9952938,4.3469377,3.657661
1056.0073,-35.107563,-80.81446,13.031606,-171.20695,33.093925,-48.099567,-58.965157,-54.529346,-32.614086,14.963951,-26.731237,19.542524,0.7754156,19.306011,-7.1756845,-8.5820675,8.870392,9.919906,-2.9930415,-4.5339956,-0.09184192,8.53138,-2.4612668,6.0023694,-3.6639748,2.6375887,-2.2231238,1.2852092,-3.6032891,0.06459044,-1.9849381,-1.4098318,1.2269393,4.736387,0.49937037,-1.0439444,4.9514637,-3.4786623,-3.8292048,-2.186945,-0.73477006,0.9778223,0.61506647,-0.081010774,0.044932574,0.49649525,0.28716055,0.97719765,0.8603242
-73.69345,-5.9451165,-57.886925,0.8038528,-16.798706,16.547365,15.450589,-5.0103106,-1.9336401,-3.1831372,5.9246526,0.5178847,-3.2446365,-1.0944228,4.0244923,-0.75034106,3.0150592,1.0063717,-0.2924956,1.0878289,-3.7152092,-6.119146,6.7277026,-8.999327,4.7959104,4.5972524,-0.04943545,8.819097,-2.7430825,-0.822421,-0.35067827,3.6797035,7.3124304,-4.1336255,4.000358,-5.9602194,-1.9261433,10.298642,3.7906797,0.40835288,-4.9494486,-0.8291014,-3.4587522,-1.1126173,-0.5456765,0.5531101,-0.020838955,1.541013,2.1001241,4.4338965
-87.68352,-30.031122,-14.429142,-3.5494287,-6.6017776,8.968187,1.6296579,-4.8924217,-12.676384,-4.298233,4.966043,-0.9859982,-0.58689106,-1.5260826,2.6148014,-1.2087882,-1.0064701,4.996993,0.21990092,-3.4043853,0.16520627,2.3137949,7.105407,-4.3374786,3.8504114,-2.8069074,2.609134,5.0059323,1.0381743,-1.7218333,2.3191915,4.4607143,1.9681498,-2.0941842,-2.2703176,-0.68619984,-0.0143834865,0.9672298,-1.6288822,-3.9943979,-4.4493475,0.6941867,-1.0928392,-0.34395722,0.70483035,1.9615601,-0.29426166,-0.07781555,0.814749,-1.5500562
-4.2098393,-2.3281186,-82.919624,17.118816,6.4010878,20.687994,-7.440164,-24.44803,-4.2344728,-10.870777,-10.94916,24.371986,-17.370975,-18.320639,-31.709562,-1.6847304,-16.594526,-21.670736,-48.763752,-12.842378,9.373053,-9.69414,-12.2808895,14.779111,-59.877224,-24.216354,21.540394,-56.24603,-16.486382,33.500023,30.569477,-37.678284,19.461803,-25.004004,-22.469461,-23.86203,35.7039,32.286617,-18.911993,16.616735,-9.21504,-3.8724713,2.292951,3.8538477,13.0667925,-6.2221603,-13.946718,-7.959626,5.790704,12.195534
-56.785503,-1.4762912,-62.117332,9.395106,-17.1538,21.705471,0.44761378,-13.117018,-7.4376364,-11.66123,3.2701073,19.135906,-15.443337,-5.209677,-12.112176,3.5038154,-6.0410943,-6.2277637,-19.395477,-7.3689275,0.70575947,3.413312,-4.56449,2.9364202,-19.379608,-13.183113,11.3587265,-15.222701,-0.34289575,10.122679,17.205381,-6.8874135,5.848153,-15.85366,-11.993874,-10.813454,6.858722,-4.8741026,-1.8374101,-9.396309,-1.3035235,10.666517,3.584839,-5.858516,-8.529817,4.6666293,8.132367,-10.797873,-3.8572562,-32.12932
37.153606,-11.062322,-59.258217,2.4337025,4.8988338,10.19334,11.039677,-2.435789,-0.7579434,-0.106127135,-9.426165,-0.49768454,2.9821036,-8.351469,-9.388501,-3.9740608,3.057903,-10.503402,-8.445253,3.9513328,0.74259967,-0.8732961,1.7918165,5.1871595,-21.535013,-3.8733892,-2.1115654,-5.855068,-0.9804627,5.8172913,-1.4042525,3.3394167,6.5826144,-0.022920497,2.8166265,-0.3780189,-9.450651,-5.766385,16.580547,-2.3403237,8.86508,4.8438044,-1.1514771,0.16479942,-9.563879,-2.0496233,9.9548,-13.557435,-16.377201,-33.33673
